request_id,amount_safe_to_pay,affordability_status,recommended_payment_method,payment_plan,earliest_date_for_full_payment,spending_changes_needed,decision_explanation
request_26,15656000,affordable_now,full_payment,2025-08-03:15656000,2025-08-03,none,Paying 15656000 in full today keeps the balance at or above 24768300 through 2025-11-01.
request_27,6670,affordable_now,full_payment,2026-07-05:6670,2026-07-05,none,Paying 6670 in full today keeps the balance at or above 20500 through 2026-10-03.
request_28,0,not_affordable,not_recommended,none,,none,No safe accepted payment completes the request for 1302.4 by the desired completion date or within the 90-day forecast. At most 0 is safe today while keeping the protected minimum balance of 1100.
request_29,51524,affordable_now,full_payment,2025-11-04:51524,2025-11-04,none,Paying 51524 in full today keeps the balance at or above 28300 through 2026-02-02.
request_30,775.2,affordable_with_plan,installments,2026-04-06:268.74|2026-05-06:268.74|2026-06-05:268.74,2026-04-06,none,"Use payment option payment_option_83: 3 payments of 268.74 starting 2026-04-06, total 806.22, completing 2026-06-05 while keeping at least 900."
request_31,5582071.93,affordable_later,wait,2024-10-17:18164000,2024-10-17,none,"Full payment of 18164000 becomes safe on 2024-10-17, before the deadline 2024-11-15, and keeps the balance at or above 16588900."
request_32,936.74,not_affordable,not_recommended,none,,none,No safe accepted payment completes the request for 40018 by the desired completion date or within the 90-day forecast. At most 936.74 is safe today while keeping the protected minimum balance of 35700.
request_33,50749.16,affordable_later,wait,2026-01-16:118000,2026-01-16,none,"Full payment of 118000 becomes safe on 2026-01-16, before the deadline 2026-03-15, and keeps the balance at or above 102100."
request_34,129400,affordable_now,full_payment,2024-12-04:129400,2024-12-04,none,Paying 129400 in full today keeps the balance at or above 138500 through 2025-03-04.
request_35,54865.39,affordable_later,wait,2025-12-17:212000,2025-12-17,none,"Full payment of 212000 becomes safe on 2025-12-17, before the deadline 2026-01-15, and keeps the balance at or above 106400."
request_36,586.23,not_affordable,not_recommended,none,,none,No safe accepted payment completes the request for 3954 by the desired completion date or within the 90-day forecast. At most 586.23 is safe today while keeping the protected minimum balance of 2400.
request_37,0,not_affordable,not_recommended,none,,none,No safe accepted payment completes the request for 14649000 by the desired completion date or within the 90-day forecast. At most 0 is safe today while keeping the protected minimum balance of 17056200.
request_38,248.94,affordable_later,wait,2025-09-16:971.3,2025-09-16,none,"Full payment of 971.3 becomes safe on 2025-09-16, before the deadline 2025-10-15, and keeps the balance at or above 400."
request_39,0,not_affordable,not_recommended,none,,none,"Verification failed closed: the recommended plan did not pass the deterministic safety replay, so no payment is approved."
request_40,0,not_affordable,not_recommended,none,,none,No safe accepted payment completes the request for 1290.3 by the desired completion date or within the 90-day forecast. At most 0 is safe today while keeping the protected minimum balance of 1500.
request_41,0,not_affordable,not_recommended,none,,none,"Verification failed closed: the recommended plan did not pass the deterministic safety replay, so no payment is approved."
request_42,0,not_affordable,not_recommended,none,,none,No safe accepted payment completes the request for 52100 by the desired completion date or within the 90-day forecast. At most 0 is safe today while keeping the protected minimum balance of 113100.
request_43,9568458.79,not_affordable,not_recommended,none,,none,No safe accepted payment completes the request for 43339000 by the desired completion date or within the 90-day forecast. At most 9568458.79 is safe today while keeping the protected minimum balance of 21398000.
request_44,0,not_affordable,not_recommended,none,,none,No safe accepted payment completes the request for 95800 by the desired completion date or within the 90-day forecast. At most 0 is safe today while keeping the protected minimum balance of 82900.
request_45,5072824.97,not_affordable,not_recommended,none,,none,No safe accepted payment completes the request for 21983000 by the desired completion date or within the 90-day forecast. At most 5072824.97 is safe today while keeping the protected minimum balance of 11149800.
request_46,43165.56,affordable_with_plan,partial_payment,2024-12-03:43165.56|2024-12-16:6284.44,2024-12-16,none,"Pay 43165.56 today and 6284.44 on 2024-12-16; the balance stays at or above 84000 throughout, and the request completes by 2025-01-09."
request_47,38114000,affordable_now,full_payment,2025-05-05:38114000,2025-05-05,none,Paying 38114000 in full today keeps the balance at or above 30049000 through 2025-08-03.
request_48,0,not_affordable,not_recommended,none,,none,"Verification failed closed: the recommended plan did not pass the deterministic safety replay, so no payment is approved."
request_49,12299584.33,affordable_with_plan,installments,2024-03-18:11902106.67|2024-04-18:11902106.67|2024-05-19:11902106.67,2024-05-19,none,"Use payment option payment_option_133: 3 payments of 11902106.67 starting 2024-03-18, total 35706320.01, completing 2024-05-19 while keeping at least 20275700."
request_50,0,not_affordable,not_recommended,none,,none,No safe accepted payment completes the request for 43900 by the desired completion date or within the 90-day forecast. At most 0 is safe today while keeping the protected minimum balance of 99700.
request_51,2191000,affordable_now,full_payment,2026-01-03:2191000,2026-01-03,none,Paying 2191000 in full today keeps the balance at or above 7811000 through 2026-04-03.
request_52,26530,affordable_later,wait,2024-06-16:28870,2024-06-16,none,"Full payment of 28870 becomes safe on 2024-06-16, before the deadline 2024-07-09, and keeps the balance at or above 41500."
request_53,714.42,affordable_with_plan,installments,2025-11-21:589.06|2025-12-19:589.06|2026-01-16:589.06,2025-11-16,none,"Use payment option payment_option_145: 3 payments of 589.06 starting 2025-11-21, total 1767.18, completing 2026-01-16 while keeping at least 2100."
request_54,4167.76,not_affordable,not_recommended,none,,none,No safe accepted payment completes the request for 121528 by the desired completion date or within the 90-day forecast. At most 4167.76 is safe today while keeping the protected minimum balance of 37000.
request_55,147574.62,affordable_with_plan,installments,2026-06-11:75781.33|2026-07-12:75781.33|2026-08-12:75781.33,2026-06-16,none,"Use payment option payment_option_151: 3 payments of 75781.33 starting 2026-06-11, total 227343.99, completing 2026-08-12 while keeping at least 124300."
request_56,751.58,affordable_with_plan,partial_payment,2025-02-03:751.58|2025-02-16:129.98,2025-02-16,none,"Pay 751.58 today and 129.98 on 2025-02-16; the balance stays at or above 2100 throughout, and the request completes by 2025-03-13."
request_57,14668.81,affordable_later,wait,2026-05-17:61446,2026-05-17,none,"Full payment of 61446 becomes safe on 2026-05-17, before the deadline 2026-06-15, and keeps the balance at or above 42700."
request_58,0,not_affordable,not_recommended,none,,none,No safe accepted payment completes the request for 16226000 by the desired completion date or within the 90-day forecast. At most 0 is safe today while keeping the protected minimum balance of 14433900.
request_59,140600,affordable_with_plan,installments,2025-05-07:48741.33|2025-06-04:48741.33|2025-07-02:48741.33,2025-05-04,none,"Use payment option payment_option_163: 3 payments of 48741.33 starting 2025-05-07, total 146223.99, completing 2025-07-02 while keeping at least 132600."
request_60,199.89,affordable_now,full_payment,2026-01-06:199.89,2026-01-06,none,Paying 199.89 in full today keeps the balance at or above 400 through 2026-04-06.
request_61,29062,affordable_with_plan,installments,2024-03-17:10074.83|2024-04-17:10074.83|2024-05-18:10074.83,2024-03-03,none,"Use payment option payment_option_169: 3 payments of 10074.83 starting 2024-03-17, total 30224.49, completing 2024-05-18 while keeping at least 36700."
request_62,404.23,affordable_now,full_payment,2025-08-05:404.23,2025-08-05,none,Paying 404.23 in full today keeps the balance at or above 1300 through 2025-11-03.
request_63,0,not_affordable,not_recommended,none,,none,"Verification failed closed: the recommended plan did not pass the deterministic safety replay, so no payment is approved."
request_64,0,not_affordable,not_recommended,none,,none,"Verification failed closed: the recommended plan did not pass the deterministic safety replay, so no payment is approved."
request_65,0,not_affordable,not_recommended,none,,none,No safe accepted payment completes the request for 54340 by the desired completion date or within the 90-day forecast. At most 0 is safe today while keeping the protected minimum balance of 15500.
request_66,22200,affordable_now,full_payment,2026-04-03:22200,2026-04-03,none,Paying 22200 in full today keeps the balance at or above 80700 through 2026-07-02.
request_67,578.52,affordable_later,wait,2024-10-17:2094,2024-10-17,none,"Full payment of 2094 becomes safe on 2024-10-17, before the deadline 2024-11-15, and keeps the balance at or above 1200."
request_68,0,not_affordable,not_recommended,none,,none,No safe accepted payment completes the request for 2091.6 by the desired completion date or within the 90-day forecast. At most 0 is safe today while keeping the protected minimum balance of 1500.
request_69,529.1,affordable_now,full_payment,2026-01-04:529.1,2026-01-04,none,Paying 529.1 in full today keeps the balance at or above 700 through 2026-04-04.
request_70,59952.21,not_affordable,not_recommended,none,,none,No safe accepted payment completes the request for 243900 by the desired completion date or within the 90-day forecast. At most 59952.21 is safe today while keeping the protected minimum balance of 115000.
request_71,0,not_affordable,not_recommended,none,,none,"Verification failed closed: the recommended plan did not pass the deterministic safety replay, so no payment is approved."
request_72,8293.86,not_affordable,not_recommended,none,,none,No safe accepted payment completes the request for 11330 by the desired completion date or within the 90-day forecast. At most 8293.86 is safe today while keeping the protected minimum balance of 12200.
request_73,71400,affordable_now,full_payment,2023-01-20:71400,2023-01-20,none,Paying 71400 in full today keeps the balance at or above 103200 through 2023-04-20.
request_74,5010,affordable_now,full_payment,2025-08-04:5010,2025-08-04,none,Paying 5010 in full today keeps the balance at or above 21900 through 2025-11-02.
request_75,28270,affordable_with_plan,installments,2026-04-09:9800.27|2026-05-09:9800.27|2026-06-08:9800.27,2026-04-06,none,"Use payment option payment_option_208: 3 payments of 9800.27 starting 2026-04-09, total 29400.81, completing 2026-06-08 while keeping at least 39000."
request_76,0,not_affordable,not_recommended,none,,none,No safe accepted payment completes the request for 4455.6 by the desired completion date or within the 90-day forecast. At most 0 is safe today while keeping the protected minimum balance of 1800.
request_77,60700,affordable_now,full_payment,2025-11-05:60700,2025-11-05,none,Paying 60700 in full today keeps the balance at or above 82200 through 2026-02-03.
request_78,50200,affordable_now,full_payment,2025-10-02:50200,2025-10-02,none,Paying 50200 in full today keeps the balance at or above 55200 through 2025-12-31.
request_79,0,not_affordable,not_recommended,none,,none,"Verification failed closed: the recommended plan did not pass the deterministic safety replay, so no payment is approved."
request_80,0,not_affordable,not_recommended,none,,none,No safe accepted payment completes the request for 217500 by the desired completion date or within the 90-day forecast. At most 0 is safe today while keeping the protected minimum balance of 121300.
request_81,2076,affordable_now,full_payment,2026-07-03:2076,2026-07-03,none,Paying 2076 in full today keeps the balance at or above 1600 through 2026-10-01.
request_82,0,not_affordable,not_recommended,none,,none,No safe accepted payment completes the request for 1405.2 by the desired completion date or within the 90-day forecast. At most 0 is safe today while keeping the protected minimum balance of 1100.
request_83,11856.68,not_affordable,not_recommended,none,,none,No safe accepted payment completes the request for 156200 by the desired completion date or within the 90-day forecast. At most 11856.68 is safe today while keeping the protected minimum balance of 37800.
request_84,0,not_affordable,not_recommended,none,,none,"Verification failed closed: the recommended plan did not pass the deterministic safety replay, so no payment is approved."
request_85,1219151.57,not_affordable,not_recommended,none,,none,No safe accepted payment completes the request for 19304000 by the desired completion date or within the 90-day forecast. At most 1219151.57 is safe today while keeping the protected minimum balance of 6396300.
request_86,46300,affordable_now,full_payment,2025-08-03:46300,2025-08-03,none,Paying 46300 in full today keeps the balance at or above 84900 through 2025-11-01.
request_87,0,not_affordable,not_recommended,none,,none,No safe accepted payment completes the request for 487900 by the desired completion date or within the 90-day forecast. At most 0 is safe today while keeping the protected minimum balance of 185900.
request_88,11959.79,affordable_with_plan,installments,2024-06-14:9045.23|2024-07-15:9045.23|2024-08-15:9045.23,2024-06-16,none,"Use payment option payment_option_245: 3 payments of 9045.23 starting 2024-06-14, total 27135.69, completing 2024-08-15 while keeping at least 25800."
request_89,10831438.44,affordable_with_plan,installments,2025-11-18:4768746.67|2025-12-16:4768746.67|2026-01-13:4768746.67,2025-11-16,none,"Use payment option payment_option_248: 3 payments of 4768746.67 starting 2025-11-18, total 14306240.01, completing 2026-01-13 while keeping at least 12534700."
request_90,2560,affordable_now,full_payment,2026-07-06:2560,2026-07-06,none,Paying 2560 in full today keeps the balance at or above 7600 through 2026-10-04.
request_91,718.08,affordable_later,wait,2024-10-17:1927.2,2024-10-17,none,"Full payment of 1927.2 becomes safe on 2024-10-17, before the deadline 2024-11-15, and keeps the balance at or above 2100."
request_92,681.67,not_affordable,not_recommended,none,,none,No safe accepted payment completes the request for 34034 by the desired completion date or within the 90-day forecast. At most 681.67 is safe today while keeping the protected minimum balance of 28100.
request_93,1729.2,affordable_now,full_payment,2026-04-07:1729.2,2026-04-07,none,Paying 1729.2 in full today keeps the balance at or above 1900 through 2026-07-06.
request_94,572,affordable_now,full_payment,2024-12-04:572,2024-12-04,none,Paying 572 in full today keeps the balance at or above 600 through 2025-03-04.
request_95,0,not_affordable,not_recommended,none,,none,No safe accepted payment completes the request for 553000 by the desired completion date or within the 90-day forecast. At most 0 is safe today while keeping the protected minimum balance of 145500.
request_96,72147.29,not_affordable,not_recommended,none,,none,No safe accepted payment completes the request for 90200 by the desired completion date or within the 90-day forecast. At most 72147.29 is safe today while keeping the protected minimum balance of 56500.
request_97,2910.52,affordable_with_plan,installments,2024-03-19:8145.28|2024-04-19:8145.28|2024-05-20:8145.28,2024-04-18,none,"Use payment option payment_option_272: 3 payments of 8145.28 starting 2024-03-19, total 24435.84, completing 2024-05-20 while keeping at least 29700."
request_98,0,not_affordable,not_recommended,none,,none,"Verification failed closed: the recommended plan did not pass the deterministic safety replay, so no payment is approved."
request_99,18062,affordable_now,full_payment,2026-07-04:18062,2026-07-04,none,Paying 18062 in full today keeps the balance at or above 49100 through 2026-10-02.
request_100,18368.18,not_affordable,not_recommended,none,,none,No safe accepted payment completes the request for 37114 by the desired completion date or within the 90-day forecast. At most 18368.18 is safe today while keeping the protected minimum balance of 32500.
request_101,143500,affordable_now,full_payment,2025-11-03:143500,2025-11-03,none,Paying 143500 in full today keeps the balance at or above 187400 through 2026-02-01.
request_102,1716,affordable_with_plan,installments,2026-04-05:594.88|2026-05-05:594.88|2026-06-04:594.88,2026-04-05,none,"Use payment option payment_option_287: 3 payments of 594.88 starting 2026-04-05, total 1784.64, completing 2026-06-04 while keeping at least 900."
request_103,27446.66,not_affordable,not_recommended,none,,none,No safe accepted payment completes the request for 368300 by the desired completion date or within the 90-day forecast. At most 27446.66 is safe today while keeping the protected minimum balance of 125500.
request_104,0,not_affordable,not_recommended,none,,none,No safe accepted payment completes the request for 17204 by the desired completion date or within the 90-day forecast. At most 0 is safe today while keeping the protected minimum balance of 24700.
request_105,53500,affordable_now,full_payment,2026-06-08:53500,2026-06-08,none,Paying 53500 in full today keeps the balance at or above 73900 through 2026-09-06.
request_106,538.44,affordable_later,wait,2025-01-17:2207.7,2025-01-17,none,"Full payment of 2207.7 becomes safe on 2025-01-17, before the deadline 2025-02-15, and keeps the balance at or above 1200."
request_107,1711.88,not_affordable,not_recommended,none,,none,No safe accepted payment completes the request for 2534.4 by the desired completion date or within the 90-day forecast. At most 1711.88 is safe today while keeping the protected minimum balance of 1600.
request_108,0,not_affordable,not_recommended,none,,none,No safe accepted payment completes the request for 55308 by the desired completion date or within the 90-day forecast. At most 0 is safe today while keeping the protected minimum balance of 24100.
request_109,0,not_affordable,not_recommended,none,,none,"Verification failed closed: the recommended plan did not pass the deterministic safety replay, so no payment is approved."
request_110,22352,affordable_with_plan,installments,2025-08-06:7748.69|2025-09-03:7748.69|2025-10-01:7748.69,2025-08-06,none,"Use payment option payment_option_310: 3 payments of 7748.69 starting 2025-08-06, total 23246.07, completing 2025-10-01 while keeping at least 11200."
request_111,16625000,affordable_now,full_payment,2026-04-03:16625000,2026-04-03,none,Paying 16625000 in full today keeps the balance at or above 23022800 through 2026-07-02.
request_112,167.5,not_affordable,not_recommended,none,,none,No safe accepted payment completes the request for 271.7 by the desired completion date or within the 90-day forecast. At most 167.5 is safe today while keeping the protected minimum balance of 500.
request_113,0,not_affordable,not_recommended,none,,none,"Verification failed closed: the recommended plan did not pass the deterministic safety replay, so no payment is approved."
request_114,65300,affordable_now,full_payment,2026-01-04:65300,2026-01-04,none,Paying 65300 in full today keeps the balance at or above 113400 through 2026-04-04.
request_115,16371.71,affordable_later,wait,2024-10-17:80500,2024-10-17,none,"Full payment of 80500 becomes safe on 2024-10-17, before the deadline 2024-11-15, and keeps the balance at or above 38800."
request_116,26598.79,not_affordable,not_recommended,none,,none,No safe accepted payment completes the request for 241200 by the desired completion date or within the 90-day forecast. At most 26598.79 is safe today while keeping the protected minimum balance of 80300.
request_117,880,affordable_now,full_payment,2026-07-05:880,2026-07-05,none,Paying 880 in full today keeps the balance at or above 1000 through 2026-10-03.
request_118,0,not_affordable,not_recommended,none,,none,No safe accepted payment completes the request for 738.1 by the desired completion date or within the 90-day forecast. At most 0 is safe today while keeping the protected minimum balance of 600.
request_119,14898.34,not_affordable,not_recommended,none,,none,No safe accepted payment completes the request for 203500 by the desired completion date or within the 90-day forecast. At most 14898.34 is safe today while keeping the protected minimum balance of 151200.
request_120,7714000,affordable_now,full_payment,2026-04-06:7714000,2026-04-06,none,Paying 7714000 in full today keeps the balance at or above 20050300 through 2026-07-05.
request_121,633.6,affordable_now,full_payment,2024-03-03:633.6,2024-03-03,none,Paying 633.6 in full today keeps the balance at or above 800 through 2024-06-01.
request_122,20558000,affordable_with_plan,installments,2025-08-05:7126773.33|2025-09-02:7126773.33|2025-09-30:7126773.33,2025-08-05,none,"Use payment option payment_option_347: 3 payments of 7126773.33 starting 2025-08-05, total 21380319.99, completing 2025-09-30 while keeping at least 12588500."
request_123,4076000,affordable_now,full_payment,2026-01-07:4076000,2026-01-07,none,Paying 4076000 in full today keeps the balance at or above 18091200 through 2026-04-07.
request_124,1476.92,affordable_with_plan,installments,2024-06-11:1076.12|2024-07-12:1076.12|2024-08-12:1076.12,2024-07-17,none,"Use payment option payment_option_352: 3 payments of 1076.12 starting 2024-06-11, total 3228.36, completing 2024-08-12 while keeping at least 1600."
request_125,0,not_affordable,not_recommended,none,,none,"Verification failed closed: the recommended plan did not pass the deterministic safety replay, so no payment is approved."
request_126,159600,affordable_now,full_payment,2026-07-03:159600,2026-07-03,none,Paying 159600 in full today keeps the balance at or above 129700 through 2026-10-01.
request_127,13033.38,not_affordable,not_recommended,none,,none,No safe accepted payment completes the request for 23980 by the desired completion date or within the 90-day forecast. At most 13033.38 is safe today while keeping the protected minimum balance of 41000.
request_128,0,not_affordable,not_recommended,none,,none,No safe accepted payment completes the request for 25168 by the desired completion date or within the 90-day forecast. At most 0 is safe today while keeping the protected minimum balance of 42600.
request_129,146.56,not_affordable,not_recommended,none,,none,No safe accepted payment completes the request for 2668.8 by the desired completion date or within the 90-day forecast. At most 146.56 is safe today while keeping the protected minimum balance of 800.
request_130,487.02,affordable_later,wait,2025-01-17:1978.8,2025-01-17,none,"Full payment of 1978.8 becomes safe on 2025-01-17, before the deadline 2025-02-15, and keeps the balance at or above 1400."
request_131,0,not_affordable,not_recommended,none,,none,No safe accepted payment completes the request for 1855.2 by the desired completion date or within the 90-day forecast. At most 0 is safe today while keeping the protected minimum balance of 1100.
request_132,379.86,affordable_now,full_payment,2026-01-05:379.86,2026-01-05,none,Paying 379.86 in full today keeps the balance at or above 1100 through 2026-04-05.
request_133,15770000,not_affordable,not_recommended,none,,none,No safe accepted payment completes the request for 15770000 by the desired completion date or within the 90-day forecast. At most 15770000 is safe today while keeping the protected minimum balance of 9986200.
request_134,7210010.38,affordable_later,wait,2025-09-16:21831000,2025-09-16,none,"Full payment of 21831000 becomes safe on 2025-09-16, before the deadline 2025-10-15, and keeps the balance at or above 15902500."
request_135,304.8,affordable_now,full_payment,2026-07-06:304.8,2026-07-06,none,Paying 304.8 in full today keeps the balance at or above 500 through 2026-10-04.
request_136,560.4,affordable_now,full_payment,2024-06-03:560.4,2024-06-03,none,Paying 560.4 in full today keeps the balance at or above 1100 through 2024-09-01.
request_137,35578.92,affordable_later,wait,2025-12-17:80100,2025-12-17,none,"Full payment of 80100 becomes safe on 2025-12-17, before the deadline 2026-01-15, and keeps the balance at or above 71800."
request_138,1132.64,affordable_with_plan,partial_payment,2026-04-07:1132.64|2026-04-16:124.3,2026-04-16,none,"Pay 1132.64 today and 124.3 on 2026-04-16; the balance stays at or above 2300 throughout, and the request completes by 2026-06-05."
request_139,1931.6,affordable_with_plan,installments,2024-09-07:802.88|2024-10-08:802.88|2024-11-08:802.88,2024-09-16,none,"Use payment option payment_option_395: 3 payments of 802.88 starting 2024-09-07, total 2408.64, completing 2024-11-08 while keeping at least 1500."
request_140,0,not_affordable,not_recommended,none,,none,No safe accepted payment completes the request for 62832 by the desired completion date or within the 90-day forecast. At most 0 is safe today while keeping the protected minimum balance of 21600.
request_141,35716.26,not_affordable,not_recommended,none,,none,No safe accepted payment completes the request for 171600 by the desired completion date or within the 90-day forecast. At most 35716.26 is safe today while keeping the protected minimum balance of 67300.
request_142,1263.6,affordable_now,full_payment,2024-12-05:1263.6,2024-12-05,none,Paying 1263.6 in full today keeps the balance at or above 1700 through 2025-03-05.
request_143,4678.88,affordable_later,wait,2025-06-17:12584,2025-06-17,none,"Full payment of 12584 becomes safe on 2025-06-17, before the deadline 2025-07-15, and keeps the balance at or above 11300."
request_144,0,not_affordable,not_recommended,none,,none,No safe accepted payment completes the request for 233.34 by the desired completion date or within the 90-day forecast. At most 0 is safe today while keeping the protected minimum balance of 600.
request_145,0,not_affordable,not_recommended,none,,none,No safe accepted payment completes the request for 217400 by the desired completion date or within the 90-day forecast. At most 0 is safe today while keeping the protected minimum balance of 155400.
request_146,13798.27,not_affordable,not_recommended,none,,none,No safe accepted payment completes the request for 449400 by the desired completion date or within the 90-day forecast. At most 13798.27 is safe today while keeping the protected minimum balance of 108600.
request_147,532.88,not_affordable,not_recommended,none,,none,No safe accepted payment completes the request for 1129.7 by the desired completion date or within the 90-day forecast. At most 532.88 is safe today while keeping the protected minimum balance of 900.
request_148,10386.21,affordable_with_plan,installments,2024-06-14:7710.56|2024-07-15:7710.56|2024-08-15:7710.56,2024-06-16,none,"Use payment option payment_option_421: 3 payments of 7710.56 starting 2024-06-14, total 23131.68, completing 2024-08-15 while keeping at least 20000."
request_149,24836.24,affordable_with_plan,installments,2025-11-18:12706.03|2025-12-16:12706.03|2026-01-13:12706.03,2025-11-16,none,"Use payment option payment_option_424: 3 payments of 12706.03 starting 2025-11-18, total 38118.09, completing 2026-01-13 while keeping at least 42100."
request_150,359.79,affordable_with_plan,installments,2026-01-06:171.98|2026-02-05:171.98|2026-03-07:171.98,2026-03-19,stop:event_13785|stop:event_13786|reduce_to:event_13787:16,"Use payment option payment_option_427: 3 payments of 171.98 starting 2026-01-06, total 515.94, completing 2026-03-07 while keeping at least 700."
request_151,26999000,affordable_now,full_payment,2024-09-03:26999000,2024-09-03,none,Paying 26999000 in full today keeps the balance at or above 31633600 through 2024-12-02.
request_152,13185.27,affordable_with_plan,installments,2025-02-12:4812.43|2025-03-12:4812.43|2025-04-09:4812.43,2025-02-16,none,"Use payment option payment_option_433: 3 payments of 4812.43 starting 2025-02-12, total 14437.29, completing 2025-04-09 while keeping at least 11900."
request_153,0,not_affordable,not_recommended,none,,none,"Verification failed closed: the recommended plan did not pass the deterministic safety replay, so no payment is approved."
request_154,464.59,not_affordable,not_recommended,none,,none,No safe accepted payment completes the request for 1625.8 by the desired completion date or within the 90-day forecast. At most 464.59 is safe today while keeping the protected minimum balance of 1300.
request_155,62530.87,not_affordable,not_recommended,none,,none,No safe accepted payment completes the request for 112500 by the desired completion date or within the 90-day forecast. At most 62530.87 is safe today while keeping the protected minimum balance of 56300.
request_156,11182.27,affordable_later,wait,2026-05-17:43076,2026-05-17,none,"Full payment of 43076 becomes safe on 2026-05-17, before the deadline 2026-06-15, and keeps the balance at or above 26900."
request_157,6968905.82,affordable_later,wait,2024-04-18:23503000,2024-04-18,none,"Full payment of 23503000 becomes safe on 2024-04-18, before the deadline 2024-05-15, and keeps the balance at or above 15714100."
request_158,242600,affordable_with_plan,installments,2025-08-07:84101.33|2025-09-04:84101.33|2025-10-02:84101.33,2025-08-07,none,"Use payment option payment_option_449: 3 payments of 84101.33 starting 2025-08-07, total 252303.99, completing 2025-10-02 while keeping at least 131400."
request_159,13398,affordable_now,full_payment,2026-01-04:13398,2026-01-04,none,Paying 13398 in full today keeps the balance at or above 8700 through 2026-04-04.
request_160,730.61,affordable_with_plan,installments,2024-06-13:432.05|2024-07-14:432.05|2024-08-14:432.05,2024-06-16,none,"Use payment option payment_option_454: 3 payments of 432.05 starting 2024-06-13, total 1296.15, completing 2024-08-14 while keeping at least 1200."
request_161,5448115.85,not_affordable,not_recommended,none,,none,No safe accepted payment completes the request for 21204000 by the desired completion date or within the 90-day forecast. At most 5448115.85 is safe today while keeping the protected minimum balance of 23010400.
request_162,6233037.84,not_affordable,not_recommended,none,,none,No safe accepted payment completes the request for 83923000 by the desired completion date or within the 90-day forecast. At most 6233037.84 is safe today while keeping the protected minimum balance of 24161100.
request_163,0,not_affordable,not_recommended,none,,none,No safe accepted payment completes the request for 19304000 by the desired completion date or within the 90-day forecast. At most 0 is safe today while keeping the protected minimum balance of 26728700.
request_164,0,not_affordable,not_recommended,none,,none,No safe accepted payment completes the request for 27018000 by the desired completion date or within the 90-day forecast. At most 0 is safe today while keeping the protected minimum balance of 29550500.
request_165,80600,affordable_now,full_payment,2026-04-06:80600,2026-04-06,none,Paying 80600 in full today keeps the balance at or above 95000 through 2026-07-05.
request_166,2907.6,affordable_with_plan,installments,2024-12-03:1007.97|2025-01-03:1007.97|2025-02-03:1007.97,2024-12-03,none,"Use payment option payment_option_471: 3 payments of 1007.97 starting 2024-12-03, total 3023.91, completing 2025-02-03 while keeping at least 1700."
request_167,0,not_affordable,not_recommended,none,,none,No safe accepted payment completes the request for 43802 by the desired completion date or within the 90-day forecast. At most 0 is safe today while keeping the protected minimum balance of 31200.
request_168,42234.73,affordable_with_plan,partial_payment,2026-01-07:42234.73|2026-02-16:7145.27,2026-02-16,none,"Pay 42234.73 today and 7145.27 on 2026-02-16; the balance stays at or above 114400 throughout, and the request completes by 2026-03-16."
request_169,0,not_affordable,not_recommended,none,,none,"Verification failed closed: the recommended plan did not pass the deterministic safety replay, so no payment is approved."
request_170,34275921.57,affordable_with_plan,installments,2025-08-06:12804480|2025-09-03:12804480|2025-10-01:12804480,2025-08-16,none,"Use payment option payment_option_483: 3 payments of 12804480 starting 2025-08-06, total 38413440, completing 2025-10-01 while keeping at least 24715800."
request_171,87.26,not_affordable,not_recommended,none,,none,No safe accepted payment completes the request for 1878.8 by the desired completion date or within the 90-day forecast. At most 87.26 is safe today while keeping the protected minimum balance of 500.
request_172,10200,affordable_with_plan,installments,2024-06-05:5304|2024-07-03:5304,2024-06-05,none,"Use payment option payment_option_489: 2 payments of 5304 starting 2024-06-05, total 10608, completing 2024-07-03 while keeping at least 27200."
request_173,0,not_affordable,not_recommended,none,,none,"Verification failed closed: the recommended plan did not pass the deterministic safety replay, so no payment is approved."
request_174,1146.2,affordable_with_plan,installments,2026-04-04:397.35|2026-05-04:397.35|2026-06-03:397.35,2026-04-04,none,"Use payment option payment_option_494: 3 payments of 397.35 starting 2026-04-04, total 1192.05, completing 2026-06-03 while keeping at least 700."
request_175,2346.3,affordable_now,full_payment,2024-09-06:2346.3,2024-09-06,none,Paying 2346.3 in full today keeps the balance at or above 1700 through 2024-12-05.
request_176,0,not_affordable,not_recommended,none,,none,No safe accepted payment completes the request for 1239.7 by the desired completion date or within the 90-day forecast. At most 0 is safe today while keeping the protected minimum balance of 600.
request_177,1017.6,affordable_now,full_payment,2026-01-05:1017.6,2026-01-05,none,Paying 1017.6 in full today keeps the balance at or above 1300 through 2026-04-05.
request_178,2938.1,affordable_with_plan,installments,2024-12-07:1018.54|2025-01-07:1018.54|2025-02-07:1018.54,2024-12-07,none,"Use payment option payment_option_506: 3 payments of 1018.54 starting 2024-12-07, total 3055.62, completing 2025-02-07 while keeping at least 1400."
request_179,10602884.72,not_affordable,not_recommended,none,,none,No safe accepted payment completes the request for 41648000 by the desired completion date or within the 90-day forecast. At most 10602884.72 is safe today while keeping the protected minimum balance of 41430800.
request_180,38977.31,not_affordable,not_recommended,none,,none,No safe accepted payment completes the request for 66500 by the desired completion date or within the 90-day forecast. At most 38977.31 is safe today while keeping the protected minimum balance of 37300.
request_181,374.32,not_affordable,not_recommended,none,,none,No safe accepted payment completes the request for 5059.2 by the desired completion date or within the 90-day forecast. At most 374.32 is safe today while keeping the protected minimum balance of 2000.
request_182,39017.7,not_affordable,not_recommended,none,,none,No safe accepted payment completes the request for 65714 by the desired completion date or within the 90-day forecast. At most 39017.7 is safe today while keeping the protected minimum balance of 31100.
request_183,0,not_affordable,not_recommended,none,,none,"Verification failed closed: the recommended plan did not pass the deterministic safety replay, so no payment is approved."
request_184,0,not_affordable,not_recommended,none,,none,"Verification failed closed: the recommended plan did not pass the deterministic safety replay, so no payment is approved."
request_185,513.21,affordable_later,wait,2025-12-17:1257.3,2025-12-17,none,"Full payment of 1257.3 becomes safe on 2025-12-17, before the deadline 2026-01-15, and keeps the balance at or above 1300."
request_186,12648.39,not_affordable,not_recommended,none,,none,No safe accepted payment completes the request for 26554 by the desired completion date or within the 90-day forecast. At most 12648.39 is safe today while keeping the protected minimum balance of 22000.
request_187,44872.87,affordable_later,wait,2024-10-17:187500,2024-10-17,none,"Full payment of 187500 becomes safe on 2024-10-17, before the deadline 2024-11-15, and keeps the balance at or above 128300."
request_188,196.08,not_affordable,not_recommended,none,,none,No safe accepted payment completes the request for 2464 by the desired completion date or within the 90-day forecast. At most 196.08 is safe today while keeping the protected minimum balance of 900.
request_189,488.4,affordable_now,full_payment,2026-07-04:488.4,2026-07-04,none,Paying 488.4 in full today keeps the balance at or above 400 through 2026-10-02.
request_190,0,not_affordable,not_recommended,none,,none,No safe accepted payment completes the request for 2557.5 by the desired completion date or within the 90-day forecast. At most 0 is safe today while keeping the protected minimum balance of 1600.
request_191,664.4,affordable_now,full_payment,2025-05-03:664.4,2025-05-03,none,Paying 664.4 in full today keeps the balance at or above 500 through 2025-08-01.
request_192,0,not_affordable,not_recommended,none,,none,No safe accepted payment completes the request for 2046 by the desired completion date or within the 90-day forecast. At most 0 is safe today while keeping the protected minimum balance of 1000.
request_193,132.55,affordable_with_plan,installments,2024-03-21:420.23|2024-04-21:420.23|2024-05-22:420.23,2024-04-18,none,"Use payment option payment_option_549: 3 payments of 420.23 starting 2024-03-21, total 1260.69, completing 2024-05-22 while keeping at least 1000."
request_194,38836.73,not_affordable,not_recommended,none,,none,No safe accepted payment completes the request for 132800 by the desired completion date or within the 90-day forecast. At most 38836.73 is safe today while keeping the protected minimum balance of 113600.
request_195,1090.44,not_affordable,not_recommended,none,,none,No safe accepted payment completes the request for 1170.4 by the desired completion date or within the 90-day forecast. At most 1090.44 is safe today while keeping the protected minimum balance of 700.
request_196,762.3,affordable_now,full_payment,2024-06-03:762.3,2024-06-03,none,Paying 762.3 in full today keeps the balance at or above 500 through 2024-09-01.
request_197,35630941.5,not_affordable,not_recommended,none,,none,No safe accepted payment completes the request for 50939000 by the desired completion date or within the 90-day forecast. At most 35630941.5 is safe today while keeping the protected minimum balance of 26245900.
request_198,185800,affordable_now,full_payment,2026-07-07:185800,2026-07-07,none,Paying 185800 in full today keeps the balance at or above 124300 through 2026-10-05.
request_199,23674000,affordable_with_plan,installments,2024-09-07:8206986.67|2024-10-08:8206986.67|2024-11-08:8206986.67,2024-09-04,none,"Use payment option payment_option_569: 3 payments of 8206986.67 starting 2024-09-07, total 24620960.01, completing 2024-11-08 while keeping at least 25359500."
request_200,4828511.1,not_affordable,not_recommended,none,,none,No safe accepted payment completes the request for 21717000 by the desired completion date or within the 90-day forecast. At most 4828511.1 is safe today while keeping the protected minimum balance of 20114600.
request_201,23997000,affordable_now,full_payment,2026-04-03:23997000,2026-04-03,none,Paying 23997000 in full today keeps the balance at or above 17304500 through 2026-07-02.
request_202,123900,affordable_now,full_payment,2024-12-05:123900,2024-12-05,none,Paying 123900 in full today keeps the balance at or above 147800 through 2025-03-05.
request_203,1442.1,affordable_with_plan,installments,2025-05-10:499.93|2025-06-07:499.93|2025-07-05:499.93,2025-05-07,none,"Use payment option payment_option_583: 3 payments of 499.93 starting 2025-05-10, total 1499.79, completing 2025-07-05 while keeping at least 1400."
request_204,0,not_affordable,not_recommended,none,,none,No safe accepted payment completes the request for 588.74 by the desired completion date or within the 90-day forecast. At most 0 is safe today while keeping the protected minimum balance of 1300.
request_205,10621000,affordable_now,full_payment,2024-03-06:10621000,2024-03-06,none,Paying 10621000 in full today keeps the balance at or above 13994300 through 2024-06-04.
request_206,1404.7,affordable_with_plan,installments,2025-08-03:486.96|2025-08-31:486.96|2025-09-28:486.96,2025-08-03,none,"Use payment option payment_option_592: 3 payments of 486.96 starting 2025-08-03, total 1460.88, completing 2025-09-28 while keeping at least 900."
request_207,6737.41,affordable_later,wait,2026-07-16:11830,2026-07-16,none,"Full payment of 11830 becomes safe on 2026-07-16, before the deadline 2026-07-24, and keeps the balance at or above 13600."
request_208,4413000,affordable_now,full_payment,2024-06-07:4413000,2024-06-07,none,Paying 4413000 in full today keeps the balance at or above 10470700 through 2024-09-05.
request_209,2188.23,not_affordable,not_recommended,none,,none,No safe accepted payment completes the request for 56914 by the desired completion date or within the 90-day forecast. At most 2188.23 is safe today while keeping the protected minimum balance of 18400.
request_210,1077.16,affordable_with_plan,partial_payment,2026-04-06:1077.16|2026-04-16:282.86,2026-04-16,none,"Pay 1077.16 today and 282.86 on 2026-04-16; the balance stays at or above 2000 throughout, and the request completes by 2026-06-23."
request_211,416.39,affordable_later,wait,2024-10-17:1788.6,2024-10-17,none,"Full payment of 1788.6 becomes safe on 2024-10-17, before the deadline 2024-11-15, and keeps the balance at or above 1500."
request_212,0,not_affordable,not_recommended,none,,none,No safe accepted payment completes the request for 71934000 by the desired completion date or within the 90-day forecast. At most 0 is safe today while keeping the protected minimum balance of 29579800.
request_213,3362.4,affordable_with_plan,installments,2026-01-21:1165.63|2026-02-20:1165.63|2026-03-22:1165.63,2026-01-07,none,"Use payment option payment_option_610: 3 payments of 1165.63 starting 2026-01-21, total 3496.89, completing 2026-03-22 while keeping at least 2100."
request_214,0,not_affordable,not_recommended,none,,none,"Verification failed closed: the recommended plan did not pass the deterministic safety replay, so no payment is approved."
request_215,29986,affordable_with_plan,installments,2025-05-09:10395.15|2025-06-06:10395.15|2025-07-04:10395.15,2025-05-06,none,"Use payment option payment_option_616: 3 payments of 10395.15 starting 2025-05-09, total 31185.45, completing 2025-07-04 while keeping at least 15700."
request_216,596.76,not_affordable,not_recommended,none,,none,No safe accepted payment completes the request for 3332.4 by the desired completion date or within the 90-day forecast. At most 596.76 is safe today while keeping the protected minimum balance of 1800.
request_217,5182.94,not_affordable,not_recommended,none,,none,No safe accepted payment completes the request for 37180 by the desired completion date or within the 90-day forecast. At most 5182.94 is safe today while keeping the protected minimum balance of 26800.
request_218,28753921.45,affordable_with_plan,installments,2025-08-07:21195893.33|2025-09-04:21195893.33|2025-10-02:21195893.33,2025-09-16,none,"Use payment option payment_option_625: 3 payments of 21195893.33 starting 2025-08-07, total 63587679.99, completing 2025-10-02 while keeping at least 34477200."
request_219,1101.57,not_affordable,not_recommended,none,,none,No safe accepted payment completes the request for 1673.1 by the desired completion date or within the 90-day forecast. At most 1101.57 is safe today while keeping the protected minimum balance of 1100.
request_220,288.08,not_affordable,not_recommended,none,,none,No safe accepted payment completes the request for 3118.5 by the desired completion date or within the 90-day forecast. At most 288.08 is safe today while keeping the protected minimum balance of 1100.
request_221,109800,affordable_now,full_payment,2025-11-03:109800,2025-11-03,none,Paying 109800 in full today keeps the balance at or above 81500 through 2026-02-01.
request_222,34078,affordable_now,full_payment,2026-01-05:34078,2026-01-05,none,Paying 34078 in full today keeps the balance at or above 27300 through 2026-04-05.
request_223,898.7,affordable_now,full_payment,2024-09-07:898.7,2024-09-07,none,Paying 898.7 in full today keeps the balance at or above 800 through 2024-12-06.
request_224,10327000,affordable_with_plan,installments,2025-02-04:5370040|2025-03-04:5370040,2025-02-04,none,"Use payment option payment_option_645: 2 payments of 5370040 starting 2025-02-04, total 10740080, completing 2025-03-04 while keeping at least 22187600."
request_225,12021650.36,affordable_with_plan,installments,2026-07-20:7647120|2026-08-19:7647120|2026-09-18:7647120,2026-07-17,none,"Use payment option payment_option_647: 3 payments of 7647120 starting 2026-07-20, total 22941360, completing 2026-09-18 while keeping at least 17670700."
request_226,0,not_affordable,not_recommended,none,,none,No safe accepted payment completes the request for 157000 by the desired completion date or within the 90-day forecast. At most 0 is safe today while keeping the protected minimum balance of 209400.
request_227,0,not_affordable,not_recommended,none,,none,No safe accepted payment completes the request for 259700 by the desired completion date or within the 90-day forecast. At most 0 is safe today while keeping the protected minimum balance of 62900.
request_228,0,not_affordable,not_recommended,none,,none,No safe accepted payment completes the request for 63327000 by the desired completion date or within the 90-day forecast. At most 0 is safe today while keeping the protected minimum balance of 26191200.
request_229,547.14,affordable_with_plan,installments,2024-03-18:529.29|2024-04-18:529.29|2024-05-19:529.29,2024-04-18,none,"Use payment option payment_option_659: 3 payments of 529.29 starting 2024-03-18, total 1587.87, completing 2024-05-19 while keeping at least 1000."
request_230,752.35,not_affordable,not_recommended,none,,none,No safe accepted payment completes the request for 3537.6 by the desired completion date or within the 90-day forecast. At most 752.35 is safe today while keeping the protected minimum balance of 2000.
request_231,35706,affordable_with_plan,installments,2026-01-06:12378.08|2026-02-05:12378.08|2026-03-07:12378.08,2026-01-03,none,"Use payment option payment_option_666: 3 payments of 12378.08 starting 2026-01-06, total 37134.24, completing 2026-03-07 while keeping at least 24300."
request_232,0,not_affordable,not_recommended,none,,none,No safe accepted payment completes the request for 1970.1 by the desired completion date or within the 90-day forecast. At most 0 is safe today while keeping the protected minimum balance of 2400.
request_233,1360400.5,not_affordable,not_recommended,none,,none,No safe accepted payment completes the request for 6241000 by the desired completion date or within the 90-day forecast. At most 1360400.5 is safe today while keeping the protected minimum balance of 10365700.
request_234,318.66,affordable_later,wait,2026-08-17:1213.3,2026-08-17,none,"Full payment of 1213.3 becomes safe on 2026-08-17, before the deadline 2026-09-15, and keeps the balance at or above 700."
request_235,0,not_affordable,not_recommended,none,,none,"Verification failed closed: the recommended plan did not pass the deterministic safety replay, so no payment is approved."
request_236,6842131.84,not_affordable,not_recommended,none,,none,No safe accepted payment completes the request for 52383000 by the desired completion date or within the 90-day forecast. At most 6842131.84 is safe today while keeping the protected minimum balance of 16768600.
request_237,23826000,affordable_now,full_payment,2026-04-05:23826000,2026-04-05,none,Paying 23826000 in full today keeps the balance at or above 22431500 through 2026-07-04.
request_238,137.1,not_affordable,not_recommended,none,,none,No safe accepted payment completes the request for 663.6 by the desired completion date or within the 90-day forecast. At most 137.1 is safe today while keeping the protected minimum balance of 700.
request_239,376.34,not_affordable,not_recommended,none,,none,No safe accepted payment completes the request for 642 by the desired completion date or within the 90-day forecast. At most 376.34 is safe today while keeping the protected minimum balance of 600.
request_240,0,not_affordable,not_recommended,none,,none,No safe accepted payment completes the request for 101200 by the desired completion date or within the 90-day forecast. At most 0 is safe today while keeping the protected minimum balance of 52800.
request_241,21052000,affordable_with_plan,installments,2024-03-17:7298026.67|2024-04-17:7298026.67|2024-05-18:7298026.67,2024-03-03,none,"Use payment option payment_option_695: 3 payments of 7298026.67 starting 2024-03-17, total 21894080.01, completing 2024-05-18 while keeping at least 19252000."
request_242,77.15,not_affordable,not_recommended,none,,none,No safe accepted payment completes the request for 1966.8 by the desired completion date or within the 90-day forecast. At most 77.15 is safe today while keeping the protected minimum balance of 600.
request_243,17468,affordable_now,full_payment,2026-07-07:17468,2026-07-07,none,Paying 17468 in full today keeps the balance at or above 19900 through 2026-10-05.
request_244,48127.58,not_affordable,not_recommended,none,,none,No safe accepted payment completes the request for 49918 by the desired completion date or within the 90-day forecast. At most 48127.58 is safe today while keeping the protected minimum balance of 45900.
request_245,0,not_affordable,not_recommended,none,,none,"Verification failed closed: the recommended plan did not pass the deterministic safety replay, so no payment is approved."
request_246,64086,affordable_with_plan,installments,2026-04-03:22216.48|2026-05-03:22216.48|2026-06-02:22216.48,2026-04-03,none,"Use payment option payment_option_710: 3 payments of 22216.48 starting 2026-04-03, total 66649.44, completing 2026-06-02 while keeping at least 39300."
request_247,1059.3,affordable_now,full_payment,2024-09-05:1059.3,2024-09-05,none,Paying 1059.3 in full today keeps the balance at or above 1300 through 2024-12-04.
request_248,0,not_affordable,not_recommended,none,,none,No safe accepted payment completes the request for 1965.6 by the desired completion date or within the 90-day forecast. At most 0 is safe today while keeping the protected minimum balance of 1300.
request_249,206.88,not_affordable,not_recommended,none,,none,No safe accepted payment completes the request for 643.2 by the desired completion date or within the 90-day forecast. At most 206.88 is safe today while keeping the protected minimum balance of 600.
request_250,17404.9,not_affordable,not_recommended,none,,none,No safe accepted payment completes the request for 124278 by the desired completion date or within the 90-day forecast. At most 17404.9 is safe today while keeping the protected minimum balance of 35300.
request_251,1400.24,not_affordable,not_recommended,none,,none,No safe accepted payment completes the request for 1513.6 by the desired completion date or within the 90-day forecast. At most 1400.24 is safe today while keeping the protected minimum balance of 1300.
request_252,6643701.89,affordable_later,wait,2026-08-17:28082000,2026-08-17,none,"Full payment of 28082000 becomes safe on 2026-08-17, before the deadline 2026-09-15, and keeps the balance at or above 15152200."
request_253,1627.16,affordable_with_plan,installments,2024-03-21:984.6|2024-04-21:984.6|2024-05-22:984.6,2024-03-18,none,"Use payment option payment_option_729: 3 payments of 984.6 starting 2024-03-21, total 2953.8, completing 2024-05-22 while keeping at least 2300."
request_254,0,not_affordable,not_recommended,none,,none,No safe accepted payment completes the request for 3535.2 by the desired completion date or within the 90-day forecast. At most 0 is safe today while keeping the protected minimum balance of 2500.
request_255,3345000,affordable_now,full_payment,2026-04-06:3345000,2026-04-06,none,Paying 3345000 in full today keeps the balance at or above 9813900 through 2026-07-05.
request_256,180151.05,not_affordable,not_recommended,none,,none,No safe accepted payment completes the request for 218700 by the desired completion date or within the 90-day forecast. At most 180151.05 is safe today while keeping the protected minimum balance of 168600.
request_257,0,not_affordable,not_recommended,none,,none,"Verification failed closed: the recommended plan did not pass the deterministic safety replay, so no payment is approved."
request_258,1113.6,affordable_now,full_payment,2026-01-07:1113.6,2026-01-07,none,Paying 1113.6 in full today keeps the balance at or above 500 through 2026-04-07.
request_259,482.9,affordable_later,wait,2024-10-17:935,2024-10-17,none,"Full payment of 935 becomes safe on 2024-10-17, before the deadline 2024-11-15, and keeps the balance at or above 600."
request_260,0,not_affordable,not_recommended,none,,none,"Verification failed closed: the recommended plan did not pass the deterministic safety replay, so no payment is approved."
request_261,1830.4,affordable_now,full_payment,2026-07-03:1830.4,2026-07-03,none,Paying 1830.4 in full today keeps the balance at or above 1500 through 2026-10-01.
request_262,0,not_affordable,not_recommended,none,,none,No safe accepted payment completes the request for 9236000 by the desired completion date or within the 90-day forecast. At most 0 is safe today while keeping the protected minimum balance of 31018500.
request_263,0,not_affordable,not_recommended,none,,none,"Verification failed closed: the recommended plan did not pass the deterministic safety replay, so no payment is approved."
request_264,26798.22,affordable_later,wait,2026-05-17:111300,2026-05-17,none,"Full payment of 111300 becomes safe on 2026-05-17, before the deadline 2026-06-15, and keeps the balance at or above 59500."
request_265,45970,affordable_now,full_payment,2024-03-06:45970,2024-03-06,none,Paying 45970 in full today keeps the balance at or above 189700 through 2024-06-04.
request_266,935,affordable_with_plan,installments,2025-08-03:324.13|2025-08-31:324.13|2025-09-28:324.13,2025-08-03,none,"Use payment option payment_option_764: 3 payments of 324.13 starting 2025-08-03, total 972.39, completing 2025-09-28 while keeping at least 900."
request_267,0,not_affordable,not_recommended,none,,none,"Verification failed closed: the recommended plan did not pass the deterministic safety replay, so no payment is approved."
request_268,1134.52,affordable_with_plan,installments,2024-06-14:841.22|2024-07-15:841.22|2024-08-15:841.22,2024-07-17,none,"Use payment option payment_option_770: 3 payments of 841.22 starting 2024-06-14, total 2523.66, completing 2024-08-15 while keeping at least 1400."
request_269,5567.13,not_affordable,not_recommended,none,,none,No safe accepted payment completes the request for 15490 by the desired completion date or within the 90-day forecast. At most 5567.13 is safe today while keeping the protected minimum balance of 23100.
request_270,52.61,not_affordable,not_recommended,none,,none,No safe accepted payment completes the request for 3028.8 by the desired completion date or within the 90-day forecast. At most 52.61 is safe today while keeping the protected minimum balance of 1400.
request_271,0,not_affordable,not_recommended,none,,none,No safe accepted payment completes the request for 91300 by the desired completion date or within the 90-day forecast. At most 0 is safe today while keeping the protected minimum balance of 58200.
request_272,0,not_affordable,not_recommended,none,,none,No safe accepted payment completes the request for 13585000 by the desired completion date or within the 90-day forecast. At most 0 is safe today while keeping the protected minimum balance of 7508600.
request_273,10743745.89,affordable_with_plan,partial_payment,2026-04-07:10743745.89|2026-04-16:5117254.11,2026-04-16,none,"Pay 10743745.89 today and 5117254.11 on 2026-04-16; the balance stays at or above 18774600 throughout, and the request completes by 2026-06-15."
request_274,0,not_affordable,not_recommended,none,,none,"Verification failed closed: the recommended plan did not pass the deterministic safety replay, so no payment is approved."
request_275,15884000,affordable_now,full_payment,2025-05-06:15884000,2025-05-06,none,Paying 15884000 in full today keeps the balance at or above 12760100 through 2025-08-04.
